{
  "Bicubic": {
    "psnr_mean": 31.52268070322098,
    "psnr_std": 7.278600271405408,
    "ssim_mean": 0.8943806703280311,
    "ssim_std": 0.05462800681465138,
    "n_slices": 416
  },
  "SRCNN": {
    "psnr_mean": 33.85778408132314,
    "psnr_std": 6.311148080152533,
    "ssim_mean": 0.9218316847002275,
    "ssim_std": 0.03945749175419895,
    "n_slices": 416
  },
  "U-Net SR": {
    "psnr_mean": 34.32077174759696,
    "psnr_std": 5.899721632510704,
    "ssim_mean": 0.9264123985072292,
    "ssim_std": 0.035917095623653375,
    "n_slices": 416
  }
}