{
  "Bicubic": {
    "psnr_mean": 10.008533390192778,
    "psnr_std": 1.3165476180902218,
    "ssim_mean": 0.22370725625731844,
    "ssim_std": 0.07774285931855242,
    "n_slices": 320
  },
  "SRCNN": {
    "psnr_mean": 9.831556320803807,
    "psnr_std": 1.277213692992311,
    "ssim_mean": 0.22425417398303757,
    "ssim_std": 0.07812045922109635,
    "n_slices": 320
  },
  "U-Net SR": {
    "psnr_mean": 9.864206995210438,
    "psnr_std": 1.2813909290034253,
    "ssim_mean": 0.2269919967680476,
    "ssim_std": 0.0784921349629696,
    "n_slices": 320
  }
}