{
  "Bicubic": {
    "psnr_mean": 10.008533390192778,
    "psnr_std": 1.3165476180902218,
    "ssim_mean": 0.22370725625731844,
    "ssim_std": 0.07774285931855242,
    "n_slices": 320
  },
  "SRCNN": {
    "psnr_mean": 9.858345585842,
    "psnr_std": 1.2854387614487193,
    "ssim_mean": 0.2284763932855136,
    "ssim_std": 0.07719728323901427,
    "n_slices": 320
  },
  "U-Net SR": {
    "psnr_mean": 9.828551628888155,
    "psnr_std": 1.3000317545154567,
    "ssim_mean": 0.23728288606381137,
    "ssim_std": 0.06433253391415403,
    "n_slices": 320
  }
}