{
  "Bicubic": {
    "psnr_mean": 31.52268070322098,
    "psnr_std": 7.278600271405408,
    "ssim_mean": 0.8943806703280311,
    "ssim_std": 0.05462800681465138,
    "n_slices": 416
  },
  "SRCNN": {
    "psnr_mean": 32.742918612827424,
    "psnr_std": 5.951477179907106,
    "ssim_mean": 0.9005105963343119,
    "ssim_std": 0.04884702924325827,
    "n_slices": 416
  },
  "U-Net SR": {
    "psnr_mean": 32.1406673574707,
    "psnr_std": 3.4809568413753826,
    "ssim_mean": 0.8291633158457901,
    "ssim_std": 0.018812903947388198,
    "n_slices": 416
  }
}